{"homeInfo":{"title":"首页","href":"static\/layer\/pages\/welcome.html"},"logoInfo":{"title":"多米互娱","image":"static\/layer\/images\/logo.png","href":""},"menuInfo":[{"title":"系统配置","icon":"fa fa-address-book","href":"","target":"_self","child":[{"title":"服务端配置","icon":"fa fa-server","href":"static\/layer\/pages\/config\/server.html","target":"_self"},{"title":"接口配置","icon":"fa fa-random","href":"static\/layer\/pages\/config\/baidu.html","target":"_self"},{"title":"代理配置","icon":"fa fa-send","href":"static\/layer\/pages\/config\/proxy.html","target":"_self"}]},{"title":"原创视频","icon":"fa fa-address-book","href":"","target":"_self","child":[{"title":"素材管理","icon":"fa fa-video-camera","href":"","target":"_self","child":[{"title":"BGM管理","icon":"fa fa-music","href":"static\/layer\/pages\/videos\/bgm.html","target":"_self"},{"title":"转场素材","icon":"fa fa-refresh","href":"static\/layer\/pages\/videos\/transit.html","target":"_self"},{"title":"画中画素材","icon":"fa fa-clipboard","href":"static\/layer\/pages\/videos\/logos.html","target":"_self"},{"title":"Logo素材","icon":"fa fa-language","href":"static\/layer\/pages\/videos\/logos.html","target":"_self"}]},{"title":"开始制作","icon":"fa fa-play","href":"static\/layer\/pages\/videos\/maker.html","target":"_self"}]},{"title":"视频去重","icon":"fa fa-address-book","href":"","target":"_self","child":[{"title":"三方用户","icon":"fa fa-user","href":"static\/layer\/pages\/fakes\/users.html","target":"_self"},{"title":"已下载视频","icon":"fa fa-cloud-download","href":"static\/layer\/pages\/fakes\/downloaded.html","target":"_self"},{"title":"去重模板","icon":"fa fa-file-video-o","href":"static\/layer\/pages\/fakes\/fakeframe.html","target":"_self"},{"title":"开始制作","icon":"fa fa-play","href":"static\/layer\/pages\/fakes\/maker.html","target":"_self"}]},{"title":"量化交易","icon":"fa fa-address-book","href":"","target":"_self","child":[{"title":"交易所配置","icon":"fa fa-cog","href":"admin\/accounts\/configs","target":"_self"},{"title":"账户信息","icon":"fa fa-suitcase","href":"admin\/accounts\/balance","target":"_self"},{"title":"历史订单","icon":"fa fa-history","href":"admin\/accounts\/orderhis","target":"_self"},{"title":"持仓信息","icon":"fa fa-cube","href":"admin\/accounts\/positions","target":"_self"},{"title":"市场信息","icon":"fa fa-cubes","href":"static\/layer\/pages\/exchange\/markets.html","target":"_self"},{"title":"策略制定","icon":"fa fa-street-view","href":"static\/layer\/pages\/exchange\/strategy.html","target":"_self"},{"title":"交易信息","icon":"fa fa-line-chart","href":"static\/layer\/pages\/exchange\/strategy.html","target":"_self"}]}]}